{"VX":[0.3471357346845054,0.21093517994746896,0.1603741331404536,-0.2529190351279039,0.3986995103271862,-0.353001840074499,-0.14810397276325607,-0.42599268278301794,0.4748111894301058,-0.3988898634798258,-0.31290773057314114,0.2998593772719239],"VY":[-0.08195719749806073,0.22740699186759622,-0.30392933722413146,-0.2615515828745103,-0.12865887336133852,0.5503773966794608,-0.16197394783655855,0.385235262286563,-0.2526425936025224,0.24135161382284412,-0.46975972629728135,0.25610199403793904],"AX":[0.0,0.0,0.0,0.0,0.0,0.0,0.0,0.0,0.0,0.0,0.0,0.0],"X":[2.0,6.0,10.0,14.0,2.0,6.0,10.0,14.0,2.0,6.0,10.0,14.0],"AY":[0.0,0.0,0.0,0.0,0.0,0.0,0.0,0.0,0.0,0.0,0.0,0.0],"Y":[1.5,1.5,1.5,1.5,4.5,4.5,4.5,4.5,7.5,7.5,7.5,7.5]}
